movie_title,title_year
Harry Potter and the Sorcerer's Stone ,2001
Baahubali: The Beginning ,2015
13 Hours ,2016
Sardaar Ji ,2015
Journey from the Fall ,2006
Pirate Radio ,2009
The 40-Year-Old Virgin ,2005
Lee Daniels' The Butler ,2013
The Scorch Trials ,2015
The Class ,2008
The Visual Bible: The Gospel of John ,2003
"Cinco de Mayo, La Batalla ",2013
Bad Lieutenant: Port of Call New Orleans ,2009
"Paris, je t'aime ",2006
"Buen Día, Ramón ",2013
Godzilla Resurgence ,2016
3 ,2010
Birdman or (The Unexpected Virtue of Ignorance) ,2014
Xi you ji zhi: Sun Wukong san da Baigu Jing ,2016
El crimen del padre Amaro ,2002
The Color of Freedom ,2007
Ca$h ,2010
Lara Croft Tomb Raider: The Cradle of Life ,2003
Asterix at the Olympic Games ,2008
Battle Los Angeles ,2011
Obitaemyy ostrov ,2009
Harlock: Space Pirate ,2013
"Welcome Home, Roscoe Jenkins ",2008
I Can Do Bad All by Myself ,2009
Lady Vengeance ,2005
L'auberge espagnole ,2002
Transsiberian ,2008
Atlas Shrugged II: The Strike ,2012
Ong-bak 2 ,2008
The Knife of Don Juan ,2013
Lilya 4-Ever ,2002
What the #$*! Do We (K)now!? ,2004
Born of War ,2014
Travelers and Magicians ,2003
The Little Prince ,2015
I Heart Huckabees ,2004
Three Burials ,2005
The Brothers ,2001
The Trials of Darryl Hunt ,2006
La Famille Bélier ,2014
Deep Blue Sea ,1999
All the Queen's Men ,2001
Stone ,2010
The Assassin ,2015
Aloha ,2015
X-Men ,2000
Mr 3000 ,2004
The Back-up Plan ,2010
Anatomy ,2000
Alias Betty ,2001
Darkness ,2002
Unleashed ,2005
War ,2007
Arnolds Park ,2007
Tidal Wave ,2009
Trollhunter ,2010
Q ,2011
Go ,1999
Aliens vs. Predator: Requiem ,2007
Day One ,2012
Bad Grandpa ,2013
Irreplaceable ,2016
Feardotcom ,2002
Mirrormask ,2005
Ira & Abby ,2006
Ponyo ,2008
The King of Najayo ,2012
Animal Kingdom: Let's go Ape ,2015
#Horror ,2015
Thirteen ,2003
Yes ,2004
Birth ,2004
Chéri ,2009
Dragonball: Evolution ,2009
Killers ,2010
Headhunters ,2011
Hit and Run ,2012
Red Sky ,2014
About Last Night ,2014
Godzilla 2000 ,1999
Sur le seuil ,2003
The Return ,2003
Silver Medallist ,2009
Below Zero ,2011
My Week with Marilyn ,2011
August ,2011
Girl House ,2014
Ride Along ,2014
Atlas Shrugged: Who Is John Galt? ,2014
The Boss ,2016
Spider ,2002
Basic ,2003
Dreamer: Inspired by a True Story ,2005
Littleman ,2006
Once Upon a Time in Queens ,2013
Chiamatemi Francesco - Il Papa della gente ,2015
The Chorus ,2004
Undiscovered ,2005
Neal 'N' Nikki ,2005
Nanny McPhee ,2005
Moon ,2009
Princess Kaiulani ,2009
Always Woodstock ,2014
Captive ,2015
The Angry Birds Movie ,2016
Chuck & Buck ,2000
Eye See You ,2002
The Ten ,2007
The Greatest ,2009
Super ,2010
Truth or Die ,2012
Evil Dead ,2013
A True Story ,2013
Survivor ,2015
O ,2001
Made ,2001
The Frozen ,2012
Something Wicked ,2014
Shooting the Warwicks ,2015
Dick ,1999
Madison ,2001
Van Wilder: Party Liaison ,2002
Undisputed ,2002
Tristram Shandy: A Cock and Bull Story ,2005
The Boy in the Striped Pajamas ,2008
Train ,2008
Dogtooth ,2009
Monsters vs. Aliens ,2009
Monsters ,2010
Mooz-Lum ,2010
Freedom ,2014
Home ,2015
Walter ,2015
Pokémon 3: The Movie ,2000
Formula 51 ,2001
Alex Rider: Operation Stormbreaker ,2006
Taken ,2008
Sholem Aleichem: Laughing in the Darkness ,2011
Green Street 3: Never Back Down ,2013
Metallica Through the Never ,2013
A Lego Brickumentary ,2014
The Prince ,2014
H. ,2014
Bubba Ho-Tep ,2002
Dodgeball: A True Underdog Story ,2004
Saved! ,2004
London ,2005
Fantastic 4: Rise of the Silver Surfer ,2007
Good ,2008
Celeste & Jesse Forever ,2012
Z Storm ,2014
Iris ,2001
Bella ,2006
Paul Blart: Mall Cop ,2009
You Got Served: Beat the World ,2011
Hotel Transylvania ,2012
Smiling Fish & Goat on Fire ,1999
Jeepers Creepers ,2001
Nothing ,2003
Cry_Wolf ,2005
The Blood of My Brother ,2005
Quinceañera ,2006
Shutter ,2008
Saw 3D: The Final Chapter ,2010
A Very Harold & Kumar 3D Christmas ,2011
They ,2002
DysFunktional Family ,2003
The Tooth Fairy ,2006
The Hills Have Eyes II ,2007
Yesterday Was a Lie ,2008
Tucker and Dale vs Evil ,2010
Solitude ,2014
Dancin' It's On ,2015
Spy Kids ,2001
Down and Out with the Dolls ,2001
Harold & Kumar Go to White Castle ,2004
Vampire Killers ,2009
The Pirates! Band of Misfits ,2012
Water & Power ,2013
Cecil B. DeMented ,2000
Proud ,2004
Signed Sealed Delivered ,2013
Circle ,2015
Groove ,2000
An American Girl Holiday ,2004
Call + Response ,2008
The Eclipse ,2009
Hoodwinked Too! Hood vs. Evil ,2011
Hansel & Gretel Get Baked ,2013
A Haunted House ,2013
American Hero ,2015
The Curse of the Were-Rabbit ,2005
Once ,2007
[Rec] 2 ,2009
The Janky Promoters ,2009
Thunder and the House of Magic ,2013
A Warrior's Tail ,2015
District B13 ,2004
On the Downlow ,2004
The Mongol King ,2005
Glee: The 3D Concert Movie ,2011
Casa de mi Padre ,2012
Nurse 3D ,2013
The Man ,2005
Julija in alfa Romeo ,2015
Lake Placid ,1999
Whipped ,2000
Edmond ,2005
The 41-Year-Old Virgin Who Knocked Up Sarah Marshall and Felt Superbad About It ,2010
Sanctuary; Quite a Conundrum ,2012
"Dude, Where's My Dog?! ",2014
South Park: Bigger Longer & Uncut ,1999
Special ,2006
Roadside ,2013
"To Be Frank, Sinatra at 100 ",2015
Hero ,2002
The True Story of Puss'N Boots ,2009
Devil ,2010
Carnage ,2011
The Harvest/La Cosecha ,2011
30 Nights of Paranormal Activity with the Devil Inside the Girl with the Dragon Tattoo ,2013
Camping sauvage ,2005
November ,2004
Curious George ,2006
Alone with Her ,2006
[Rec] ,2007
Elza ,2011
The Work and the Story ,2003
The Past is a Grotesque Animal ,2014
The Motel ,2005
The Hadza: Last of the First ,2014
Henry & Me ,2014
The Brain That Sings ,2013
Flame and Citron ,2008
Alpha and Omega 4: The Legend of the Saw Toothed Cave ,2014
Dolphins and Whales 3D: Tribes of the Ocean ,2008
Vessel ,2012
Harry Potter and the Deathly Hallows: Part I ,2010
Harry Potter and the Deathly Hallows: Part II ,2011
Barfi ,2013
Destiny ,2014
Karachi se Lahore ,2015
Romantic Schemer ,2015
